Nome|Idade|Salario|Cidade
Barrett|39|$1,419|Pedace
Leonard|25|$3,348|Poole
Christopher|33|$7,684|Río Bueno
Leonard|39|$2,696|Baie-Saint-Paul
Carter|32|$7,508|Appels
Lucius|20|$8,879|Valcourt
Andrew|22|$4,003|Comblain-Fairon
Stephen|31|$4,222|Oberursel
Ignatius|27|$4,689|Burin
Brent|21|$9,971|Auburn
Amery|25|$6,174|Calbuco
Oleg|34|$5,807|Newport
Moses|40|$6,368|Cras-Avernas
Caleb|32|$1,408|Alajuelita
Vernon|26|$3,858|Senneville
Trevor|33|$9,146|Richmond
Clinton|29|$3,660|Comblain-Fairon
Wallace|31|$9,458|Macchia Valfortore
Sebastian|34|$9,860|Pencahue
Chancellor|25|$2,580|Calbuco
Nolan|31|$1,572|Vremde
Blake|29|$5,196|Río Ibáñez
Roth|40|$4,222|Pollena Trocchia
Rogan|34|$3,304|Moricone
Zachery|37|$8,176|Matagami
Hilel|32|$7,943|Rio Grande
Oscar|33|$9,629|Colchane
Graham|32|$3,330|Zedelgem
Oleg|25|$5,801|Sunshine Coast Regional District
Plato|25|$2,832|Waterbury
Drake|21|$5,283|Shillong
Charles|39|$8,355|Rockford
Brent|26|$6,250|Levallois-Perret
Colby|28|$1,107|New Westminster
Bert|29|$4,327|Palagano
Alvin|26|$2,671|Avise
Chaney|34|$4,191|Toulon
Eric|30|$3,268|Penticton
Palmer|20|$8,603|Frutillar
Amos|21|$4,615|Primavera
Zachery|34|$8,072|Castello di Godego
Zachery|38|$4,711|Graneros
William|31|$1,080|Cerreto di Spoleto
Ray|36|$2,352|Ravensburg
Marsden|20|$7,987|San Cristóbal de la Laguna
Igor|25|$4,055|Ijebu Ode
Jerry|28|$1,880|Raigarh
Colton|21|$5,775|Nova Iguaçu
Brendan|27|$4,050|Dietzenbach
Herman|23|$9,652|Bay Roberts
Ali|25|$2,141|Saint-Remy
Chester|40|$9,272|Petit-Thier
Beck|25|$6,742|Villers-la-Ville
Travis|22|$9,452|Terrance
Austin|29|$6,198|Yellowknife
Ray|29|$7,044|Kanpur
Denton|20|$8,824|Kızılcahamam
Reece|30|$8,942|Gouda
Fulton|40|$7,425|Niel-bij-As
Mannix|33|$2,209|Kapolei
Knox|25|$3,288|Fermont
Martin|32|$1,831|McCallum
Oscar|22|$1,752|Naarden
Lucian|25|$4,548|Iqaluit
Baker|32|$1,589|Frankfort
Randall|29|$8,258|San Giovanni la Punta
Fitzgerald|38|$9,617|Mespelare
Rajah|33|$7,259|Gagliano del Capo
Bernard|32|$5,054|Greenock
Brendan|26|$7,737|Liévin
Geoffrey|20|$5,806|Fossato di Vico
Rigel|22|$9,162|Meridian
Upton|23|$2,246|Traun
Gareth|38|$9,319|Duncan
Philip|23|$8,418|Travo
Upton|33|$9,549|Wakefield
Isaiah|27|$2,415|Sambreville
Gary|33|$6,479|Rocky Mountain House
Castor|25|$5,001|Werder
Joel|40|$7,131|Cabano
Colt|40|$8,498|Fort Saskatchewan
Barrett|31|$9,841|Borsbeek
Benedict|38|$6,907|Chennai
Harper|30|$8,982|High Wycombe
Hayden|40|$8,701|Oria
Malachi|30|$2,780|Abolens
Caesar|38|$6,525|Boston
Ali|20|$9,550|Athens
Tyler|30|$7,872|Okpoko
Henry|21|$5,766|Giugliano in Campania
Quentin|28|$4,897|Termini Imerese
Jameson|21|$2,991|Béthune
Hop|37|$7,091|Vertou
Zachery|29|$7,576|Howrah
Quinn|33|$5,532|Gistel
Basil|27|$3,630|San José de Alajuela
Drake|20|$5,732|Vedrin
Cyrus|31|$5,724|Marche-les-Dames
Garrett|23|$1,327|Kalgoorlie-Boulder
Chester|28|$2,985|Widooie 
